Municipality,Sector,Outage Reported,Estimated Time of Restoration,Estimated Customers Impacted,Category,Current Status
CIDRA,"COME. PLAZA CIDRA, COMU. CERTENEJAS 1, PARC. GANDARA 1, PARC. GANDARA 2, SECT. CERTENEJAS 1, SECT. LA PALOMA, SECT. LA PENINSULA, URB. CAMPO LAGO, URB. VISTA MONTE",January 27 13:15',January 27 19:00',<500,Unplanned,"LUMA has successfully completed repairs and restored power to the area. If you have any questions, please contact us at 1-844-888-5862 (LUMA). "
GUAYAMA,"COMU. CORAZON, COMU. OLIMPO, SECT. CAIMITAL, SECT. CAIMITAL ALTO, SECT. FINCA LA DESEADA, SECT. SAN MARTIN, URB. ALTURAS DEL OLIMPO, URB. BELLO HORIZONTE, URB. JARDINES DE MONTE OLIVO, URB. PARQUE SAN ANTONIO",January 27 09:05',January 27 19:00',>5000,Scheduled Maintenance,"LUMA has successfully completed repairs and restored power to the area. If you have any questions, please contact us at 1-844-888-5862 (LUMA). "
SAN JUAN,"URB. CAPARRA HEIGHTS, URB. PUERTO NUEVO, URB. VILLA BORINQUEN, COME. CAPARRA SHOPPING CENTER, IND. MARIO JULIA, URB. PARQUE SAN PATRICIO, COM. FRIVOLA, COM. FULLER STORE, COM. GASOLINERA TOTAL EXCELLIUM, COM. GO PRINT, COM. MESA 364, COM. MIRANDA &amp; SO",January 27 14:19',January 27 20:00',501-1000,Unplanned,Our power restoration team is onsite conducting critical repairs to restore power the area as quickly and safely as possible. 
Unknown,TRAMO DE CANOVANAS TC @ CANOVANAS SECT,January 18 18:48',January 28 23:00',<500,Unplanned,Our power restoration team is onsite conducting critical repairs to restore power the area as quickly and safely as possible.